Países,Código NCM,Descrição NCM,Unidade estatística,Ano,Valor_FOB_USD,Peso_Kg,Quantidade
Estados Unidos,17019900,"Outros açúcares de cana, beterraba, sacarose químicamente pura, sol.",TONELADA METRICA LIQUIDA,2024,163930808,238503378,240178
Colômbia,17019900,"Outros açúcares de cana, beterraba, sacarose químicamente pura, sol.",TONELADA METRICA LIQUIDA,2024,130007859,231486830,231507
Tailândia,17019900,"Outros açúcares de cana, beterraba, sacarose químicamente pura, sol.",TONELADA METRICA LIQUIDA,2024,59062258,111797600,111798
Canadá,17019900,"Outros açúcares de cana, beterraba, sacarose químicamente pura, sol.",TONELADA METRICA LIQUIDA,2024,15436981,21200123,21196
China,17019900,"Outros açúcares de cana, beterraba, sacarose químicamente pura, sol.",TONELADA METRICA LIQUIDA,2024,12471103,21567407,22017
Marrocos,17019900,"Outros açúcares de cana, beterraba, sacarose químicamente pura, sol.",TONELADA METRICA LIQUIDA,2024,4942053,6648800,6649
Malásia,17019900,"Outros açúcares de cana, beterraba, sacarose químicamente pura, sol.",TONELADA METRICA LIQUIDA,2024,3538950,5925601,5925
França,17019900,"Outros açúcares de cana, beterraba, sacarose químicamente pura, sol.",TONELADA METRICA LIQUIDA,2024,2601998,3579642,3584
Alemanha,17019900,"Outros açúcares de cana, beterraba, sacarose químicamente pura, sol.",TONELADA METRICA LIQUIDA,2024,1915753,2763944,2794
Reino Unido,17019900,"Outros açúcares de cana, beterraba, sacarose químicamente pura, sol.",TONELADA METRICA LIQUIDA,2024,1321880,2166934,2341
Itália,17019900,"Outros açúcares de cana, beterraba, sacarose químicamente pura, sol.",TONELADA METRICA LIQUIDA,2024,679646,989847,988
Nova Zelândia,17019900,"Outros açúcares de cana, beterraba, sacarose químicamente pura, sol.",TONELADA METRICA LIQUIDA,2024,487106,827375,827
Reino Unido,22072019,Outro álcool etílico desnaturado,LITRO,2024,457760,328848,408000
Austrália,17019900,"Outros açúcares de cana, beterraba, sacarose químicamente pura, sol.",TONELADA METRICA LIQUIDA,2024,176187,233620,232
Alemanha,17011300,Açúcar de cana mencionado na nota 2 da posição 1701,TONELADA METRICA LIQUIDA,2024,175756,95040,95
Filipinas,17019900,"Outros açúcares de cana, beterraba, sacarose químicamente pura, sol.",TONELADA METRICA LIQUIDA,2024,157968,200093,200
Suécia,17019900,"Outros açúcares de cana, beterraba, sacarose químicamente pura, sol.",TONELADA METRICA LIQUIDA,2024,49524,75000,75
Canadá,17011300,Açúcar de cana mencionado na nota 2 da posição 1701,TONELADA METRICA LIQUIDA,2024,39732,24025,24
Índia,17019900,"Outros açúcares de cana, beterraba, sacarose químicamente pura, sol.",TONELADA METRICA LIQUIDA,2024,18032,30145,30
Nova Zelândia,17011300,Açúcar de cana mencionado na nota 2 da posição 1701,TONELADA METRICA LIQUIDA,2024,9900,3240,3
Reino Unido,17011300,Açúcar de cana mencionado na nota 2 da posição 1701,TONELADA METRICA LIQUIDA,2024,3019,990,21
Estados Unidos,17011300,Açúcar de cana mencionado na nota 2 da posição 1701,TONELADA METRICA LIQUIDA,2024,2291,1321,2
Dinamarca,17019900,"Outros açúcares de cana, beterraba, sacarose químicamente pura, sol.",TONELADA METRICA LIQUIDA,2024,2230,1401,95
Austrália,17011300,Açúcar de cana mencionado na nota 2 da posição 1701,TONELADA METRICA LIQUIDA,2024,1404,600,1
Suíça,17019900,"Outros açúcares de cana, beterraba, sacarose químicamente pura, sol.",TONELADA METRICA LIQUIDA,2024,771,455,60
China,22072020,Aguardente desnaturado com qualquer teor alcoólico,LITRO,2024,587,94,94
Tailândia,17011300,Açúcar de cana mencionado na nota 2 da posição 1701,TONELADA METRICA LIQUIDA,2024,140,0,0
Dinamarca,22072019,Outro álcool etílico desnaturado,LITRO,2024,108,25,25
Filipinas,17011300,Açúcar de cana mencionado na nota 2 da posição 1701,TONELADA METRICA LIQUIDA,2024,93,0,0
Suíça,17011300,Açúcar de cana mencionado na nota 2 da posição 1701,TONELADA METRICA LIQUIDA,2024,41,16,0
França,22072020,Aguardente desnaturado com qualquer teor alcoólico,LITRO,2024,0,0,0
Malásia,17011300,Açúcar de cana mencionado na nota 2 da posição 1701,TONELADA METRICA LIQUIDA,2024,0,0,0
Índia,17011300,Açúcar de cana mencionado na nota 2 da posição 1701,TONELADA METRICA LIQUIDA,2024,0,0,0
Egito,17019900,"Outros açúcares de cana, beterraba, sacarose químicamente pura, sol.",TONELADA METRICA LIQUIDA,2024,0,0,0
Estados Unidos,22072019,Outro álcool etílico desnaturado,LITRO,2024,0,0,0
China,22072019,Outro álcool etílico desnaturado,LITRO,2024,0,0,0
Dinamarca,17011300,Açúcar de cana mencionado na nota 2 da posição 1701,TONELADA METRICA LIQUIDA,2024,0,0,0
Tailândia,22072020,Aguardente desnaturado com qualquer teor alcoólico,LITRO,2024,0,0,0
Tailândia,22072019,Outro álcool etílico desnaturado,LITRO,2024,0,0,0
Índia,22072019,Outro álcool etílico desnaturado,LITRO,2024,0,0,0
Alemanha,22072019,Outro álcool etílico desnaturado,LITRO,2024,0,0,0
Canadá,22072019,Outro álcool etílico desnaturado,LITRO,2024,0,0,0
Filipinas,22072019,Outro álcool etílico desnaturado,LITRO,2024,0,0,0
Itália,22072019,Outro álcool etílico desnaturado,LITRO,2024,0,0,0
Suécia,17011300,Açúcar de cana mencionado na nota 2 da posição 1701,TONELADA METRICA LIQUIDA,2024,0,0,0
Suíça,22072020,Aguardente desnaturado com qualquer teor alcoólico,LITRO,2024,0,0,0
China,17011300,Açúcar de cana mencionado na nota 2 da posição 1701,TONELADA METRICA LIQUIDA,2024,0,0,0
Reino Unido,22072020,Aguardente desnaturado com qualquer teor alcoólico,LITRO,2024,0,0,0
Filipinas,22072020,Aguardente desnaturado com qualquer teor alcoólico,LITRO,2024,0,0,0
Itália,17011300,Açúcar de cana mencionado na nota 2 da posição 1701,TONELADA METRICA LIQUIDA,2024,0,0,0
França,22072019,Outro álcool etílico desnaturado,LITRO,2024,0,0,0
Colômbia,22072019,Outro álcool etílico desnaturado,LITRO,2024,0,0,0
Estados Unidos,22072020,Aguardente desnaturado com qualquer teor alcoólico,LITRO,2024,0,0,0
Alemanha,22072020,Aguardente desnaturado com qualquer teor alcoólico,LITRO,2024,0,0,0
Nova Zelândia,22072019,Outro álcool etílico desnaturado,LITRO,2024,0,0,0
Estados Unidos,17019900,"Outros açúcares de cana, beterraba, sacarose químicamente pura, sol.",TONELADA METRICA LIQUIDA,2023,151536079,226018868,229436
Colômbia,17019900,"Outros açúcares de cana, beterraba, sacarose químicamente pura, sol.",TONELADA METRICA LIQUIDA,2023,89449445,151376850,151680
Tailândia,17019900,"Outros açúcares de cana, beterraba, sacarose químicamente pura, sol.",TONELADA METRICA LIQUIDA,2023,37371460,65049990,65100
Canadá,17019900,"Outros açúcares de cana, beterraba, sacarose químicamente pura, sol.",TONELADA METRICA LIQUIDA,2023,10433436,15398363,15450
China,17019900,"Outros açúcares de cana, beterraba, sacarose químicamente pura, sol.",TONELADA METRICA LIQUIDA,2023,56192228,100794844,101059
Marrocos,17019900,"Outros açúcares de cana, beterraba, sacarose químicamente pura, sol.",TONELADA METRICA LIQUIDA,2023,10,19,0
Malásia,17019900,"Outros açúcares de cana, beterraba, sacarose químicamente pura, sol.",TONELADA METRICA LIQUIDA,2023,2704864,4445175,4445
França,17019900,"Outros açúcares de cana, beterraba, sacarose químicamente pura, sol.",TONELADA METRICA LIQUIDA,2023,5010518,7606300,7608
Alemanha,17019900,"Outros açúcares de cana, beterraba, sacarose químicamente pura, sol.",TONELADA METRICA LIQUIDA,2023,617905,898755,905
Reino Unido,17019900,"Outros açúcares de cana, beterraba, sacarose químicamente pura, sol.",TONELADA METRICA LIQUIDA,2023,17210856,26177047,27532
Itália,17019900,"Outros açúcares de cana, beterraba, sacarose químicamente pura, sol.",TONELADA METRICA LIQUIDA,2023,698691,1046288,7442
Nova Zelândia,17019900,"Outros açúcares de cana, beterraba, sacarose químicamente pura, sol.",TONELADA METRICA LIQUIDA,2023,184905,263500,264
Reino Unido,22072019,Outro álcool etílico desnaturado,LITRO,2023,215040,154752,192000
Austrália,17019900,"Outros açúcares de cana, beterraba, sacarose químicamente pura, sol.",TONELADA METRICA LIQUIDA,2023,218260,332600,333
Alemanha,17011300,Açúcar de cana mencionado na nota 2 da posição 1701,TONELADA METRICA LIQUIDA,2023,122923,60032,60
Filipinas,17019900,"Outros açúcares de cana, beterraba, sacarose químicamente pura, sol.",TONELADA METRICA LIQUIDA,2023,110266,145240,145
Suécia,17019900,"Outros açúcares de cana, beterraba, sacarose químicamente pura, sol.",TONELADA METRICA LIQUIDA,2023,32670,49500,50
Canadá,17011300,Açúcar de cana mencionado na nota 2 da posição 1701,TONELADA METRICA LIQUIDA,2023,0,0,0
Índia,17019900,"Outros açúcares de cana, beterraba, sacarose químicamente pura, sol.",TONELADA METRICA LIQUIDA,2023,194,58,0
Nova Zelândia,17011300,Açúcar de cana mencionado na nota 2 da posição 1701,TONELADA METRICA LIQUIDA,2023,8670,3240,3
Reino Unido,17011300,Açúcar de cana mencionado na nota 2 da posição 1701,TONELADA METRICA LIQUIDA,2023,5,2,0
Estados Unidos,17011300,Açúcar de cana mencionado na nota 2 da posição 1701,TONELADA METRICA LIQUIDA,2023,12382,17608,202
Dinamarca,17019900,"Outros açúcares de cana, beterraba, sacarose químicamente pura, sol.",TONELADA METRICA LIQUIDA,2023,728844,1123146,1265
Austrália,17011300,Açúcar de cana mencionado na nota 2 da posição 1701,TONELADA METRICA LIQUIDA,2023,1980,900,1
Suíça,17019900,"Outros açúcares de cana, beterraba, sacarose químicamente pura, sol.",TONELADA METRICA LIQUIDA,2023,45898756,90666430,90766
China,22072020,Aguardente desnaturado com qualquer teor alcoólico,LITRO,2023,131,30,30
Tailândia,17011300,Açúcar de cana mencionado na nota 2 da posição 1701,TONELADA METRICA LIQUIDA,2023,0,0,0
Dinamarca,22072019,Outro álcool etílico desnaturado,LITRO,2023,0,0,0
Filipinas,17011300,Açúcar de cana mencionado na nota 2 da posição 1701,TONELADA METRICA LIQUIDA,2023,0,0,0
Suíça,17011300,Açúcar de cana mencionado na nota 2 da posição 1701,TONELADA METRICA LIQUIDA,2023,0,0,0
França,22072020,Aguardente desnaturado com qualquer teor alcoólico,LITRO,2023,266,12,15
Malásia,17011300,Açúcar de cana mencionado na nota 2 da posição 1701,TONELADA METRICA LIQUIDA,2023,28,10,10
Índia,17011300,Açúcar de cana mencionado na nota 2 da posição 1701,TONELADA METRICA LIQUIDA,2023,26,14,0
Egito,17019900,"Outros açúcares de cana, beterraba, sacarose químicamente pura, sol.",TONELADA METRICA LIQUIDA,2023,0,0,0
Estados Unidos,22072019,Outro álcool etílico desnaturado,LITRO,2023,0,0,0
China,22072019,Outro álcool etílico desnaturado,LITRO,2023,0,0,0
Dinamarca,17011300,Açúcar de cana mencionado na nota 2 da posição 1701,TONELADA METRICA LIQUIDA,2023,0,0,0
Tailândia,22072020,Aguardente desnaturado com qualquer teor alcoólico,LITRO,2023,0,0,0
Tailândia,22072019,Outro álcool etílico desnaturado,LITRO,2023,0,0,0
Índia,22072019,Outro álcool etílico desnaturado,LITRO,2023,0,0,0
Alemanha,22072019,Outro álcool etílico desnaturado,LITRO,2023,0,0,0
Canadá,22072019,Outro álcool etílico desnaturado,LITRO,2023,0,0,0
Filipinas,22072019,Outro álcool etílico desnaturado,LITRO,2023,0,0,0
Itália,22072019,Outro álcool etílico desnaturado,LITRO,2023,0,0,0
Suécia,17011300,Açúcar de cana mencionado na nota 2 da posição 1701,TONELADA METRICA LIQUIDA,2023,0,0,0
Suíça,22072020,Aguardente desnaturado com qualquer teor alcoólico,LITRO,2023,0,0,0
China,17011300,Açúcar de cana mencionado na nota 2 da posição 1701,TONELADA METRICA LIQUIDA,2023,0,0,0
Reino Unido,22072020,Aguardente desnaturado com qualquer teor alcoólico,LITRO,2023,0,0,0
Filipinas,22072020,Aguardente desnaturado com qualquer teor alcoólico,LITRO,2023,0,0,0
Itália,17011300,Açúcar de cana mencionado na nota 2 da posição 1701,TONELADA METRICA LIQUIDA,2023,0,0,0
França,22072019,Outro álcool etílico desnaturado,LITRO,2023,0,0,0
Colômbia,22072019,Outro álcool etílico desnaturado,LITRO,2023,0,0,0
Estados Unidos,22072020,Aguardente desnaturado com qualquer teor alcoólico,LITRO,2023,0,0,0
Alemanha,22072020,Aguardente desnaturado com qualquer teor alcoólico,LITRO,2023,0,0,0
Nova Zelândia,22072019,Outro álcool etílico desnaturado,LITRO,2023,0,0,0
Estados Unidos,17019900,"Outros açúcares de cana, beterraba, sacarose químicamente pura, sol.",TONELADA METRICA LIQUIDA,2022,74268961,121196186,119801
Colômbia,17019900,"Outros açúcares de cana, beterraba, sacarose químicamente pura, sol.",TONELADA METRICA LIQUIDA,2022,25284086,47577000,47577
Tailândia,17019900,"Outros açúcares de cana, beterraba, sacarose químicamente pura, sol.",TONELADA METRICA LIQUIDA,2022,1213,268,0
Canadá,17019900,"Outros açúcares de cana, beterraba, sacarose químicamente pura, sol.",TONELADA METRICA LIQUIDA,2022,10395573,16035035,15321
China,17019900,"Outros açúcares de cana, beterraba, sacarose químicamente pura, sol.",TONELADA METRICA LIQUIDA,2022,2797916,5766953,5734
Marrocos,17019900,"Outros açúcares de cana, beterraba, sacarose químicamente pura, sol.",TONELADA METRICA LIQUIDA,2022,4462618,9426057,9418
Malásia,17019900,"Outros açúcares de cana, beterraba, sacarose químicamente pura, sol.",TONELADA METRICA LIQUIDA,2022,36,0,0
França,17019900,"Outros açúcares de cana, beterraba, sacarose químicamente pura, sol.",TONELADA METRICA LIQUIDA,2022,4459099,7281191,7194
Alemanha,17019900,"Outros açúcares de cana, beterraba, sacarose químicamente pura, sol.",TONELADA METRICA LIQUIDA,2022,379071,601599,2002
Reino Unido,17019900,"Outros açúcares de cana, beterraba, sacarose químicamente pura, sol.",TONELADA METRICA LIQUIDA,2022,920882,1492636,1378
Itália,17019900,"Outros açúcares de cana, beterraba, sacarose químicamente pura, sol.",TONELADA METRICA LIQUIDA,2022,2363715,4112287,5143
Nova Zelândia,17019900,"Outros açúcares de cana, beterraba, sacarose químicamente pura, sol.",TONELADA METRICA LIQUIDA,2022,302893,463325,453
Reino Unido,22072019,Outro álcool etílico desnaturado,LITRO,2022,161656,116122,144060
Austrália,17019900,"Outros açúcares de cana, beterraba, sacarose químicamente pura, sol.",TONELADA METRICA LIQUIDA,2022,249832,362920,361
Alemanha,17011300,Açúcar de cana mencionado na nota 2 da posição 1701,TONELADA METRICA LIQUIDA,2022,373885,200370,200
Filipinas,17019900,"Outros açúcares de cana, beterraba, sacarose químicamente pura, sol.",TONELADA METRICA LIQUIDA,2022,131507,172955,164
Suécia,17019900,"Outros açúcares de cana, beterraba, sacarose químicamente pura, sol.",TONELADA METRICA LIQUIDA,2022,33026,49500,40
Canadá,17011300,Açúcar de cana mencionado na nota 2 da posição 1701,TONELADA METRICA LIQUIDA,2022,6,6,0
Índia,17019900,"Outros açúcares de cana, beterraba, sacarose químicamente pura, sol.",TONELADA METRICA LIQUIDA,2022,105,70,0
Nova Zelândia,17011300,Açúcar de cana mencionado na nota 2 da posição 1701,TONELADA METRICA LIQUIDA,2022,5064,2160,2
Reino Unido,17011300,Açúcar de cana mencionado na nota 2 da posição 1701,TONELADA METRICA LIQUIDA,2022,107,75,5
Estados Unidos,17011300,Açúcar de cana mencionado na nota 2 da posição 1701,TONELADA METRICA LIQUIDA,2022,49726,22123,24
Dinamarca,17019900,"Outros açúcares de cana, beterraba, sacarose químicamente pura, sol.",TONELADA METRICA LIQUIDA,2022,867794,1365151,1382
Austrália,17011300,Açúcar de cana mencionado na nota 2 da posição 1701,TONELADA METRICA LIQUIDA,2022,1049,580,1
Suíça,17019900,"Outros açúcares de cana, beterraba, sacarose químicamente pura, sol.",TONELADA METRICA LIQUIDA,2022,26668493,57250140,57265
China,22072020,Aguardente desnaturado com qualquer teor alcoólico,LITRO,2022,104,27,24
Tailândia,17011300,Açúcar de cana mencionado na nota 2 da posição 1701,TONELADA METRICA LIQUIDA,2022,0,0,0
Dinamarca,22072019,Outro álcool etílico desnaturado,LITRO,2022,0,0,0
Filipinas,17011300,Açúcar de cana mencionado na nota 2 da posição 1701,TONELADA METRICA LIQUIDA,2022,0,0,0
Suíça,17011300,Açúcar de cana mencionado na nota 2 da posição 1701,TONELADA METRICA LIQUIDA,2022,0,0,0
França,22072020,Aguardente desnaturado com qualquer teor alcoólico,LITRO,2022,0,0,0
Malásia,17011300,Açúcar de cana mencionado na nota 2 da posição 1701,TONELADA METRICA LIQUIDA,2022,0,0,0
Índia,17011300,Açúcar de cana mencionado na nota 2 da posição 1701,TONELADA METRICA LIQUIDA,2022,0,0,0
Egito,17019900,"Outros açúcares de cana, beterraba, sacarose químicamente pura, sol.",TONELADA METRICA LIQUIDA,2022,2104660,4948298,4948
Estados Unidos,22072019,Outro álcool etílico desnaturado,LITRO,2022,95255,153460,189483
China,22072019,Outro álcool etílico desnaturado,LITRO,2022,405,73,81
Dinamarca,17011300,Açúcar de cana mencionado na nota 2 da posição 1701,TONELADA METRICA LIQUIDA,2022,180,85,0
Tailândia,22072020,Aguardente desnaturado com qualquer teor alcoólico,LITRO,2022,34,2,2
Tailândia,22072019,Outro álcool etílico desnaturado,LITRO,2022,23,4,4
Índia,22072019,Outro álcool etílico desnaturado,LITRO,2022,10,3,3
Alemanha,22072019,Outro álcool etílico desnaturado,LITRO,2022,1,2,2
Canadá,22072019,Outro álcool etílico desnaturado,LITRO,2022,0,0,0
Filipinas,22072019,Outro álcool etílico desnaturado,LITRO,2022,0,0,0
Itália,22072019,Outro álcool etílico desnaturado,LITRO,2022,0,0,0
Suécia,17011300,Açúcar de cana mencionado na nota 2 da posição 1701,TONELADA METRICA LIQUIDA,2022,0,0,0
Suíça,22072020,Aguardente desnaturado com qualquer teor alcoólico,LITRO,2022,0,0,0
China,17011300,Açúcar de cana mencionado na nota 2 da posição 1701,TONELADA METRICA LIQUIDA,2022,0,0,0
Reino Unido,22072020,Aguardente desnaturado com qualquer teor alcoólico,LITRO,2022,0,0,0
Filipinas,22072020,Aguardente desnaturado com qualquer teor alcoólico,LITRO,2022,0,0,0
Itália,17011300,Açúcar de cana mencionado na nota 2 da posição 1701,TONELADA METRICA LIQUIDA,2022,0,0,0
França,22072019,Outro álcool etílico desnaturado,LITRO,2022,0,0,0
Colômbia,22072019,Outro álcool etílico desnaturado,LITRO,2022,0,0,0
Estados Unidos,22072020,Aguardente desnaturado com qualquer teor alcoólico,LITRO,2022,0,0,0
Alemanha,22072020,Aguardente desnaturado com qualquer teor alcoólico,LITRO,2022,0,0,0
Nova Zelândia,22072019,Outro álcool etílico desnaturado,LITRO,2022,0,0,0
Estados Unidos,17019900,"Outros açúcares de cana, beterraba, sacarose químicamente pura, sol.",TONELADA METRICA LIQUIDA,2021,63606916,108053044,126566
Colômbia,17019900,"Outros açúcares de cana, beterraba, sacarose químicamente pura, sol.",TONELADA METRICA LIQUIDA,2021,10911764,29692000,29694
Tailândia,17019900,"Outros açúcares de cana, beterraba, sacarose químicamente pura, sol.",TONELADA METRICA LIQUIDA,2021,1029,921,0
Canadá,17019900,"Outros açúcares de cana, beterraba, sacarose químicamente pura, sol.",TONELADA METRICA LIQUIDA,2021,9199573,15574272,14778
China,17019900,"Outros açúcares de cana, beterraba, sacarose químicamente pura, sol.",TONELADA METRICA LIQUIDA,2021,5816604,16574217,16613
Marrocos,17019900,"Outros açúcares de cana, beterraba, sacarose químicamente pura, sol.",TONELADA METRICA LIQUIDA,2021,119743,260000,260
Malásia,17019900,"Outros açúcares de cana, beterraba, sacarose químicamente pura, sol.",TONELADA METRICA LIQUIDA,2021,82444,270000,270
França,17019900,"Outros açúcares de cana, beterraba, sacarose químicamente pura, sol.",TONELADA METRICA LIQUIDA,2021,3620570,5728915,5718
Alemanha,17019900,"Outros açúcares de cana, beterraba, sacarose químicamente pura, sol.",TONELADA METRICA LIQUIDA,2021,538966,884410,851
Reino Unido,17019900,"Outros açúcares de cana, beterraba, sacarose químicamente pura, sol.",TONELADA METRICA LIQUIDA,2021,10138900,26990546,26905
Itália,17019900,"Outros açúcares de cana, beterraba, sacarose químicamente pura, sol.",TONELADA METRICA LIQUIDA,2021,878863,1417132,1458
Nova Zelândia,17019900,"Outros açúcares de cana, beterraba, sacarose químicamente pura, sol.",TONELADA METRICA LIQUIDA,2021,310460,527300,492
Reino Unido,22072019,Outro álcool etílico desnaturado,LITRO,2021,107644,79038,98039
Austrália,17019900,"Outros açúcares de cana, beterraba, sacarose químicamente pura, sol.",TONELADA METRICA LIQUIDA,2021,377024,585300,579
Alemanha,17011300,Açúcar de cana mencionado na nota 2 da posição 1701,TONELADA METRICA LIQUIDA,2021,545628,300150,300
Filipinas,17019900,"Outros açúcares de cana, beterraba, sacarose químicamente pura, sol.",TONELADA METRICA LIQUIDA,2021,327520,419718,426
Suécia,17019900,"Outros açúcares de cana, beterraba, sacarose químicamente pura, sol.",TONELADA METRICA LIQUIDA,2021,62617,99750,80
Canadá,17011300,Açúcar de cana mencionado na nota 2 da posição 1701,TONELADA METRICA LIQUIDA,2021,0,0,0
Índia,17019900,"Outros açúcares de cana, beterraba, sacarose químicamente pura, sol.",TONELADA METRICA LIQUIDA,2021,72,1119,0
Nova Zelândia,17011300,Açúcar de cana mencionado na nota 2 da posição 1701,TONELADA METRICA LIQUIDA,2021,9637,4320,4
Reino Unido,17011300,Açúcar de cana mencionado na nota 2 da posição 1701,TONELADA METRICA LIQUIDA,2021,64,38,5
Estados Unidos,17011300,Açúcar de cana mencionado na nota 2 da posição 1701,TONELADA METRICA LIQUIDA,2021,41283,19800,20
Dinamarca,17019900,"Outros açúcares de cana, beterraba, sacarose químicamente pura, sol.",TONELADA METRICA LIQUIDA,2021,773250,1298405,1355
Austrália,17011300,Açúcar de cana mencionado na nota 2 da posição 1701,TONELADA METRICA LIQUIDA,2021,4826,2198,2
Suíça,17019900,"Outros açúcares de cana, beterraba, sacarose químicamente pura, sol.",TONELADA METRICA LIQUIDA,2021,43466652,124735328,124971
China,22072020,Aguardente desnaturado com qualquer teor alcoólico,LITRO,2021,0,0,0
Tailândia,17011300,Açúcar de cana mencionado na nota 2 da posição 1701,TONELADA METRICA LIQUIDA,2021,0,0,0
Dinamarca,22072019,Outro álcool etílico desnaturado,LITRO,2021,703,120,181
Filipinas,17011300,Açúcar de cana mencionado na nota 2 da posição 1701,TONELADA METRICA LIQUIDA,2021,0,0,0
Suíça,17011300,Açúcar de cana mencionado na nota 2 da posição 1701,TONELADA METRICA LIQUIDA,2021,0,0,0
França,22072020,Aguardente desnaturado com qualquer teor alcoólico,LITRO,2021,0,0,0
Malásia,17011300,Açúcar de cana mencionado na nota 2 da posição 1701,TONELADA METRICA LIQUIDA,2021,0,0,0
Índia,17011300,Açúcar de cana mencionado na nota 2 da posição 1701,TONELADA METRICA LIQUIDA,2021,0,0,0
Egito,17019900,"Outros açúcares de cana, beterraba, sacarose químicamente pura, sol.",TONELADA METRICA LIQUIDA,2021,0,0,0
Estados Unidos,22072019,Outro álcool etílico desnaturado,LITRO,2021,151589,119217,146906
China,22072019,Outro álcool etílico desnaturado,LITRO,2021,1032,191,348
Dinamarca,17011300,Açúcar de cana mencionado na nota 2 da posição 1701,TONELADA METRICA LIQUIDA,2021,249,22,10
Tailândia,22072020,Aguardente desnaturado com qualquer teor alcoólico,LITRO,2021,0,0,0
Tailândia,22072019,Outro álcool etílico desnaturado,LITRO,2021,948,169,169
Índia,22072019,Outro álcool etílico desnaturado,LITRO,2021,24078,38546,47757
Alemanha,22072019,Outro álcool etílico desnaturado,LITRO,2021,303,95,102
Canadá,22072019,Outro álcool etílico desnaturado,LITRO,2021,13630,19780,24526
Filipinas,22072019,Outro álcool etílico desnaturado,LITRO,2021,550,114,88
Itália,22072019,Outro álcool etílico desnaturado,LITRO,2021,73,9,9
Suécia,17011300,Açúcar de cana mencionado na nota 2 da posição 1701,TONELADA METRICA LIQUIDA,2021,49,30,0
Suíça,22072020,Aguardente desnaturado com qualquer teor alcoólico,LITRO,2021,21,34,5
China,17011300,Açúcar de cana mencionado na nota 2 da posição 1701,TONELADA METRICA LIQUIDA,2021,20,5,0
Reino Unido,22072020,Aguardente desnaturado com qualquer teor alcoólico,LITRO,2021,18,7,5
Filipinas,22072020,Aguardente desnaturado com qualquer teor alcoólico,LITRO,2021,11,1,1
Itália,17011300,Açúcar de cana mencionado na nota 2 da posição 1701,TONELADA METRICA LIQUIDA,2021,2,0,0
França,22072019,Outro álcool etílico desnaturado,LITRO,2021,0,0,0
Colômbia,22072019,Outro álcool etílico desnaturado,LITRO,2021,0,0,0
Estados Unidos,22072020,Aguardente desnaturado com qualquer teor alcoólico,LITRO,2021,0,0,0
Alemanha,22072020,Aguardente desnaturado com qualquer teor alcoólico,LITRO,2021,0,0,0
Nova Zelândia,22072019,Outro álcool etílico desnaturado,LITRO,2021,0,0,0
Estados Unidos,17019900,"Outros açúcares de cana, beterraba, sacarose químicamente pura, sol.",TONELADA METRICA LIQUIDA,2020,101969410,200945444,198148
Colômbia,17019900,"Outros açúcares de cana, beterraba, sacarose químicamente pura, sol.",TONELADA METRICA LIQUIDA,2020,29721817,92369999,92859
Tailândia,17019900,"Outros açúcares de cana, beterraba, sacarose químicamente pura, sol.",TONELADA METRICA LIQUIDA,2020,1194,1153,0
Canadá,17019900,"Outros açúcares de cana, beterraba, sacarose químicamente pura, sol.",TONELADA METRICA LIQUIDA,2020,13731426,25388113,24719
China,17019900,"Outros açúcares de cana, beterraba, sacarose químicamente pura, sol.",TONELADA METRICA LIQUIDA,2020,19829198,66093585,66048
Marrocos,17019900,"Outros açúcares de cana, beterraba, sacarose químicamente pura, sol.",TONELADA METRICA LIQUIDA,2020,217,402,0
Malásia,17019900,"Outros açúcares de cana, beterraba, sacarose químicamente pura, sol.",TONELADA METRICA LIQUIDA,2020,150541,452018,461
França,17019900,"Outros açúcares de cana, beterraba, sacarose químicamente pura, sol.",TONELADA METRICA LIQUIDA,2020,6781214,10069570,9964
Alemanha,17019900,"Outros açúcares de cana, beterraba, sacarose químicamente pura, sol.",TONELADA METRICA LIQUIDA,2020,1842910,2834036,2845
Reino Unido,17019900,"Outros açúcares de cana, beterraba, sacarose químicamente pura, sol.",TONELADA METRICA LIQUIDA,2020,1617297,2426686,2775
Itália,17019900,"Outros açúcares de cana, beterraba, sacarose químicamente pura, sol.",TONELADA METRICA LIQUIDA,2020,1926208,2894554,352920
Nova Zelândia,17019900,"Outros açúcares de cana, beterraba, sacarose químicamente pura, sol.",TONELADA METRICA LIQUIDA,2020,101374,136925,110
Reino Unido,22072019,Outro álcool etílico desnaturado,LITRO,2020,475230,510912,630142
Austrália,17019900,"Outros açúcares de cana, beterraba, sacarose químicamente pura, sol.",TONELADA METRICA LIQUIDA,2020,418163,571260,548
Alemanha,17011300,Açúcar de cana mencionado na nota 2 da posição 1701,TONELADA METRICA LIQUIDA,2020,847611,480240,480
Filipinas,17019900,"Outros açúcares de cana, beterraba, sacarose químicamente pura, sol.",TONELADA METRICA LIQUIDA,2020,213838,261309,341
Suécia,17019900,"Outros açúcares de cana, beterraba, sacarose químicamente pura, sol.",TONELADA METRICA LIQUIDA,2020,16500,25000,20
Canadá,17011300,Açúcar de cana mencionado na nota 2 da posição 1701,TONELADA METRICA LIQUIDA,2020,3650,792,0
Índia,17019900,"Outros açúcares de cana, beterraba, sacarose químicamente pura, sol.",TONELADA METRICA LIQUIDA,2020,167602,540098,540
Nova Zelândia,17011300,Açúcar de cana mencionado na nota 2 da posição 1701,TONELADA METRICA LIQUIDA,2020,9667,4560,4
Reino Unido,17011300,Açúcar de cana mencionado na nota 2 da posição 1701,TONELADA METRICA LIQUIDA,2020,38,0,0
Estados Unidos,17011300,Açúcar de cana mencionado na nota 2 da posição 1701,TONELADA METRICA LIQUIDA,2020,51505,25154,24
Dinamarca,17019900,"Outros açúcares de cana, beterraba, sacarose químicamente pura, sol.",TONELADA METRICA LIQUIDA,2020,869326,1320578,1580
Austrália,17011300,Açúcar de cana mencionado na nota 2 da posição 1701,TONELADA METRICA LIQUIDA,2020,4533,2000,2
Suíça,17019900,"Outros açúcares de cana, beterraba, sacarose químicamente pura, sol.",TONELADA METRICA LIQUIDA,2020,649983,2160040,2160
China,22072020,Aguardente desnaturado com qualquer teor alcoólico,LITRO,2020,29,7,7
Tailândia,17011300,Açúcar de cana mencionado na nota 2 da posição 1701,TONELADA METRICA LIQUIDA,2020,0,0,0
Dinamarca,22072019,Outro álcool etílico desnaturado,LITRO,2020,1598,214,216
Filipinas,17011300,Açúcar de cana mencionado na nota 2 da posição 1701,TONELADA METRICA LIQUIDA,2020,0,0,0
Suíça,17011300,Açúcar de cana mencionado na nota 2 da posição 1701,TONELADA METRICA LIQUIDA,2020,40,10,0
França,22072020,Aguardente desnaturado com qualquer teor alcoólico,LITRO,2020,0,0,0
Malásia,17011300,Açúcar de cana mencionado na nota 2 da posição 1701,TONELADA METRICA LIQUIDA,2020,0,0,0
Índia,17011300,Açúcar de cana mencionado na nota 2 da posição 1701,TONELADA METRICA LIQUIDA,2020,0,0,0
Egito,17019900,"Outros açúcares de cana, beterraba, sacarose químicamente pura, sol.",TONELADA METRICA LIQUIDA,2020,0,0,0
Estados Unidos,22072019,Outro álcool etílico desnaturado,LITRO,2020,4509182,6248287,7750833
China,22072019,Outro álcool etílico desnaturado,LITRO,2020,514,58,59
Dinamarca,17011300,Açúcar de cana mencionado na nota 2 da posição 1701,TONELADA METRICA LIQUIDA,2020,37,11,0
Tailândia,22072020,Aguardente desnaturado com qualquer teor alcoólico,LITRO,2020,0,0,0
Tailândia,22072019,Outro álcool etílico desnaturado,LITRO,2020,1715,284,283
Índia,22072019,Outro álcool etílico desnaturado,LITRO,2020,35285,56735,71722
Alemanha,22072019,Outro álcool etílico desnaturado,LITRO,2020,264,22,30
Canadá,22072019,Outro álcool etílico desnaturado,LITRO,2020,41845,59064,73207
Filipinas,22072019,Outro álcool etílico desnaturado,LITRO,2020,249,60,89
Itália,22072019,Outro álcool etílico desnaturado,LITRO,2020,157839,236833,293589
Suécia,17011300,Açúcar de cana mencionado na nota 2 da posição 1701,TONELADA METRICA LIQUIDA,2020,0,0,0
Suíça,22072020,Aguardente desnaturado com qualquer teor alcoólico,LITRO,2020,0,0,0
China,17011300,Açúcar de cana mencionado na nota 2 da posição 1701,TONELADA METRICA LIQUIDA,2020,0,0,0
Reino Unido,22072020,Aguardente desnaturado com qualquer teor alcoólico,LITRO,2020,0,0,0
Filipinas,22072020,Aguardente desnaturado com qualquer teor alcoólico,LITRO,2020,76,38,18
Itália,17011300,Açúcar de cana mencionado na nota 2 da posição 1701,TONELADA METRICA LIQUIDA,2020,0,0,0
França,22072019,Outro álcool etílico desnaturado,LITRO,2020,180138,118594,149561
Colômbia,22072019,Outro álcool etílico desnaturado,LITRO,2020,12937,10686,12800
Estados Unidos,22072020,Aguardente desnaturado com qualquer teor alcoólico,LITRO,2020,159,1,1
Alemanha,22072020,Aguardente desnaturado com qualquer teor alcoólico,LITRO,2020,3,6,6
Nova Zelândia,22072019,Outro álcool etílico desnaturado,LITRO,2020,1,1,1
